{
    "midnight": 0.8635758060218491,
    "afternoon": 0.051691979749533705,
    "morning": 0.04449773514521716,
    "evening": 0.04023447908339994
}